{"cameraMode":{"drawMode":0,"name":"Shaded","section":"Shading Mode"},"sceneLighting":true,"audioPlay":false,"sceneViewState":{"m_AlwaysRefresh":false,"showFog":true,"showSkybox":false,"showFlares":true,"showImageEffects":true,"showParticleSystems":true,"showVisualEffectGraphs":true,"m_FxEnabled":true},"in2DMode":false,"pivot":{"x":0.8691360950469971,"y":1.469801902770996,"z":1.7148911952972413},"rotation":{"x":-0.041863057762384418,"y":0.4784713387489319,"z":0.022813914343714715,"w":0.876879870891571},"size":1.8819785118103028,"orthographic":false}