{"cameraMode":{"drawMode":0,"name":"Shaded","section":"Shading Mode"},"sceneLighting":true,"audioPlay":false,"sceneViewState":{"m_AlwaysRefresh":false,"showFog":true,"showSkybox":false,"showFlares":true,"showImageEffects":true,"showParticleSystems":true,"showVisualEffectGraphs":true,"m_FxEnabled":true},"in2DMode":false,"pivot":{"x":0.03862002491950989,"y":1.7166413068771363,"z":-1.0100655555725098},"rotation":{"x":0.0003245272964704782,"y":-0.9988518357276917,"z":-0.047672390937805179,"w":-0.006884358357638121},"size":1.2118580341339112,"orthographic":false}