{"cameraMode":{"drawMode":0,"name":"Shaded","section":"Shading Mode"},"sceneLighting":true,"audioPlay":false,"sceneViewState":{"m_AlwaysRefresh":false,"showFog":true,"showSkybox":false,"showFlares":true,"showImageEffects":true,"showParticleSystems":true,"showVisualEffectGraphs":true,"m_FxEnabled":true},"in2DMode":false,"pivot":{"x":1.6677144765853882,"y":0.31965091824531557,"z":0.17193473875522614},"rotation":{"x":0.01667189598083496,"y":-0.7101003527641296,"z":-0.016829639673233033,"w":-0.703730583190918},"size":1.8819785118103028,"orthographic":false}