{"cameraMode":{"drawMode":0,"name":"Shaded","section":"Shading Mode"},"sceneLighting":true,"audioPlay":false,"sceneViewState":{"m_AlwaysRefresh":false,"showFog":true,"showSkybox":false,"showFlares":true,"showImageEffects":true,"showParticleSystems":true,"showVisualEffectGraphs":true,"m_FxEnabled":true},"in2DMode":false,"pivot":{"x":0.3030414581298828,"y":-1.174476981163025,"z":-1.6490262746810914},"rotation":{"x":0.01486350316554308,"y":0.9781588912010193,"z":-0.19351214170455934,"w":0.07527363300323487},"size":1.8819785118103028,"orthographic":false}