{"cameraMode":{"drawMode":0,"name":"Shaded","section":"Shading Mode"},"sceneLighting":false,"audioPlay":false,"sceneViewState":{"m_AlwaysRefresh":false,"showFog":true,"showSkybox":false,"showFlares":true,"showImageEffects":true,"showParticleSystems":true,"showVisualEffectGraphs":true,"m_FxEnabled":true},"in2DMode":false,"pivot":{"x":-0.3796370029449463,"y":1.6430553197860718,"z":-2.126124858856201},"rotation":{"x":-0.0015698845963925124,"y":-0.9984579682350159,"z":-0.041651561856269839,"w":0.03806767240166664},"size":1.8819785118103028,"orthographic":false}