{"cameraMode":{"drawMode":0,"name":"Shaded","section":"Shading Mode"},"sceneLighting":true,"audioPlay":false,"sceneViewState":{"m_AlwaysRefresh":false,"showFog":true,"showSkybox":false,"showFlares":true,"showImageEffects":true,"showParticleSystems":true,"showVisualEffectGraphs":true,"m_FxEnabled":true},"in2DMode":false,"pivot":{"x":3.0636537075042726,"y":0.06237196922302246,"z":-0.2959858179092407},"rotation":{"x":-0.07609342038631439,"y":-0.8140982985496521,"z":0.10958409309387207,"w":-0.5652300119400024},"size":1.8819785118103028,"orthographic":false}