{"cameraMode":{"drawMode":0,"name":"Shaded","section":"Shading Mode"},"sceneLighting":true,"audioPlay":false,"sceneViewState":{"m_AlwaysRefresh":false,"showFog":true,"showSkybox":false,"showFlares":true,"showImageEffects":true,"showParticleSystems":true,"showVisualEffectGraphs":true,"m_FxEnabled":true},"in2DMode":false,"pivot":{"x":1.0932976007461548,"y":0.42657190561294558,"z":-0.8408188819885254},"rotation":{"x":-0.011540492996573449,"y":-0.9836689829826355,"z":0.06828618794679642,"w":-0.1662137508392334},"size":1.8819785118103028,"orthographic":false}