{"cameraMode":{"drawMode":0,"name":"Shaded","section":"Shading Mode"},"sceneLighting":false,"audioPlay":false,"sceneViewState":{"m_AlwaysRefresh":false,"showFog":true,"showSkybox":false,"showFlares":true,"showImageEffects":true,"showParticleSystems":true,"showVisualEffectGraphs":true,"m_FxEnabled":true},"in2DMode":false,"pivot":{"x":-0.2998064160346985,"y":0.36916422843933108,"z":-2.380969524383545},"rotation":{"x":0.0003358797403052449,"y":-0.9955223202705383,"z":0.09466804563999176,"w":0.003593160305172205},"size":1.8819785118103028,"orthographic":false}