{"cameraMode":{"drawMode":0,"name":"Shaded","section":"Shading Mode"},"sceneLighting":false,"audioPlay":false,"sceneViewState":{"m_AlwaysRefresh":false,"showFog":true,"showSkybox":false,"showFlares":true,"showImageEffects":true,"showParticleSystems":true,"showVisualEffectGraphs":true,"m_FxEnabled":true},"in2DMode":false,"pivot":{"x":2.4797093868255617,"y":0.3199848234653473,"z":-2.8626503944396974},"rotation":{"x":-0.014050318859517575,"y":0.9366922974586487,"z":0.03764793649315834,"w":0.3480813205242157},"size":2.598076105117798,"orthographic":false}