{"cameraMode":{"drawMode":0,"name":"Shaded","section":"Shading Mode"},"sceneLighting":false,"audioPlay":false,"sceneViewState":{"m_AlwaysRefresh":false,"showFog":true,"showSkybox":false,"showFlares":true,"showImageEffects":true,"showParticleSystems":true,"showVisualEffectGraphs":true,"m_FxEnabled":true},"in2DMode":false,"pivot":{"x":-0.22737491130828858,"y":1.3347972631454468,"z":-3.0918021202087404},"rotation":{"x":-0.000017983235011342913,"y":0.9990812540054321,"z":0.0011936889495700598,"w":-0.044694531708955768},"size":2.598076105117798,"orthographic":false}