{"cameraMode":{"drawMode":0,"name":"Shaded","section":"Shading Mode"},"sceneLighting":true,"audioPlay":false,"sceneViewState":{"m_AlwaysRefresh":false,"showFog":true,"showSkybox":false,"showFlares":true,"showImageEffects":true,"showParticleSystems":true,"showVisualEffectGraphs":true,"m_FxEnabled":true},"in2DMode":false,"pivot":{"x":1.0518372058868409,"y":-1.5425736904144288,"z":-1.3675148487091065},"rotation":{"x":-0.09850563853979111,"y":-0.8950886130332947,"z":0.3588690459728241,"w":-0.24569325149059297},"size":1.8819785118103028,"orthographic":false}