{"cameraMode":{"drawMode":0,"name":"Shaded","section":"Shading Mode"},"sceneLighting":false,"audioPlay":false,"sceneViewState":{"m_AlwaysRefresh":false,"showFog":false,"showSkybox":false,"showFlares":false,"showImageEffects":false,"showParticleSystems":false,"showVisualEffectGraphs":true,"m_FxEnabled":true},"in2DMode":false,"pivot":{"x":0.09476161003112793,"y":1.2791247367858887,"z":0.23112383484840394},"rotation":{"x":-0.05497707054018974,"y":-0.8098145127296448,"z":0.07048098742961884,"w":-0.5805473923683167},"size":2.257711887359619,"orthographic":false}