{"cameraMode":{"drawMode":0,"name":"Shaded","section":"Shading Mode"},"sceneLighting":false,"audioPlay":false,"sceneViewState":{"m_AlwaysRefresh":false,"showFog":false,"showSkybox":false,"showFlares":false,"showImageEffects":false,"showParticleSystems":false,"showVisualEffectGraphs":true,"m_FxEnabled":true},"in2DMode":false,"pivot":{"x":-0.00019872188568115234,"y":1.3460509777069092,"z":0.009580761194229126},"rotation":{"x":-0.0007427351665683091,"y":-0.9966204762458801,"z":0.07595421373844147,"w":0.042379461228847507},"size":1.806929349899292,"orthographic":false}