{"cameraMode":{"drawMode":0,"name":"Shaded","section":"Shading Mode"},"sceneLighting":false,"audioPlay":false,"sceneViewState":{"m_AlwaysRefresh":false,"showFog":true,"showSkybox":false,"showFlares":true,"showImageEffects":true,"showParticleSystems":true,"showVisualEffectGraphs":true,"m_FxEnabled":true},"in2DMode":false,"pivot":{"x":0.46960800886154177,"y":0.5427048802375794,"z":-0.38071000576019289},"rotation":{"x":0.13090184330940247,"y":-0.15429461002349854,"z":0.020786399021744729,"w":0.9793239831924439},"size":0.6801150441169739,"orthographic":false}