{"cameraMode":{"drawMode":0,"name":"Shaded","section":"Shading Mode"},"sceneLighting":true,"audioPlay":false,"sceneViewState":{"m_AlwaysRefresh":false,"showFog":true,"showSkybox":true,"showFlares":true,"showImageEffects":true,"showParticleSystems":true,"showVisualEffectGraphs":true,"m_FxEnabled":true},"in2DMode":false,"pivot":{"x":13.326661109924317,"y":-3.3960072994232179,"z":3.4013824462890627},"rotation":{"x":0.12753020226955415,"y":0.6302325129508972,"z":-0.10226970165967941,"w":0.762154221534729},"size":8.154260635375977,"orthographic":false}