{"cameraMode":{"drawMode":0,"name":"Shaded","section":"Shading Mode"},"sceneLighting":true,"audioPlay":false,"sceneViewState":{"m_AlwaysRefresh":false,"showFog":true,"showSkybox":true,"showFlares":true,"showImageEffects":true,"showParticleSystems":true,"showVisualEffectGraphs":true,"m_FxEnabled":true},"in2DMode":false,"pivot":{"x":-24.454330444335939,"y":18.928617477416993,"z":-28.544157028198243},"rotation":{"x":0.32418394088745119,"y":0.2676440477371216,"z":-0.10040058940649033,"w":0.9052481055259705},"size":1.0630146265029908,"orthographic":false}