{"cameraMode":{"drawMode":0,"name":"Shaded","section":"Shading Mode"},"sceneLighting":true,"audioPlay":false,"sceneViewState":{"m_AlwaysRefresh":false,"showFog":true,"showSkybox":true,"showFlares":true,"showImageEffects":true,"showParticleSystems":true,"showVisualEffectGraphs":true,"m_FxEnabled":true},"in2DMode":false,"pivot":{"x":15.747371673583985,"y":-4.784258842468262,"z":-11.177252769470215},"rotation":{"x":-0.06774652004241944,"y":-0.8483926057815552,"z":0.11463318020105362,"w":-0.5129984021186829},"size":12.287864685058594,"orthographic":false}