{"cameraMode":{"drawMode":0,"name":"Shaded","section":"Shading Mode"},"sceneLighting":true,"audioPlay":false,"sceneViewState":{"m_AlwaysRefresh":false,"showFog":true,"showSkybox":true,"showFlares":true,"showImageEffects":true,"showParticleSystems":true,"showVisualEffectGraphs":true,"m_FxEnabled":true},"in2DMode":false,"pivot":{"x":-21.588645935058595,"y":0.8142147064208984,"z":-19.739145278930665},"rotation":{"x":0.021904489025473596,"y":0.3044527471065521,"z":0.0004098687204532325,"w":0.9533969163894653},"size":8.7098388671875,"orthographic":false}