{"cameraMode":{"drawMode":0,"name":"Shaded","section":"Shading Mode"},"sceneLighting":true,"audioPlay":false,"sceneViewState":{"m_AlwaysRefresh":false,"showFog":true,"showSkybox":true,"showFlares":true,"showImageEffects":true,"showParticleSystems":true,"showVisualEffectGraphs":true,"m_FxEnabled":true},"in2DMode":false,"pivot":{"x":8.384361267089844,"y":3.7823972702026369,"z":12.393256187438965},"rotation":{"x":0.0007614230853505433,"y":0.37534627318382265,"z":-0.0021192925050854685,"w":0.9273176789283752},"size":12.287864685058594,"orthographic":false}