{"cameraMode":{"drawMode":0,"name":"Shaded","section":"Shading Mode"},"sceneLighting":true,"audioPlay":false,"sceneViewState":{"m_AlwaysRefresh":false,"showFog":true,"showSkybox":true,"showFlares":true,"showImageEffects":true,"showParticleSystems":true,"showVisualEffectGraphs":true,"m_FxEnabled":true},"in2DMode":false,"pivot":{"x":-2.8377513885498049,"y":0.9740926027297974,"z":-17.18408966064453},"rotation":{"x":0.020212939009070398,"y":0.9976304173469544,"z":-0.005544743500649929,"w":0.08341756463050842},"size":8.7098388671875,"orthographic":false}