{"cameraMode":{"drawMode":0,"name":"Shaded","section":"Shading Mode"},"sceneLighting":false,"audioPlay":false,"sceneViewState":{"m_AlwaysRefresh":false,"showFog":true,"showSkybox":true,"showFlares":true,"showImageEffects":true,"showParticleSystems":true,"showVisualEffectGraphs":true,"m_FxEnabled":true},"in2DMode":false,"pivot":{"x":-1.2227697372436524,"y":2.5488638877868654,"z":3.3003978729248049},"rotation":{"x":-0.22097623348236085,"y":-0.3138340413570404,"z":0.07474781572818756,"w":-0.9213992357254028},"size":5.000552177429199,"orthographic":false}