{"cameraMode":{"drawMode":0,"name":"Shaded","section":"Shading Mode"},"sceneLighting":false,"audioPlay":false,"sceneViewState":{"m_AlwaysRefresh":false,"showFog":true,"showSkybox":true,"showFlares":true,"showImageEffects":true,"showParticleSystems":true,"showVisualEffectGraphs":true,"m_FxEnabled":true},"in2DMode":false,"pivot":{"x":3.9666759967803957,"y":0.5536198616027832,"z":14.529285430908204},"rotation":{"x":-0.1838393211364746,"y":-0.34816721081733706,"z":0.06972446292638779,"w":-0.9176042675971985},"size":5.000552177429199,"orthographic":false}