{"cameraMode":{"drawMode":0,"name":"Shaded","section":"Shading Mode"},"sceneLighting":true,"audioPlay":false,"sceneViewState":{"m_AlwaysRefresh":false,"showFog":true,"showSkybox":true,"showFlares":true,"showImageEffects":true,"showParticleSystems":true,"showVisualEffectGraphs":true,"m_FxEnabled":true},"in2DMode":false,"pivot":{"x":-1.3857076168060303,"y":0.12412303686141968,"z":-5.21382474899292},"rotation":{"x":-0.32850322127342226,"y":-0.5737988948822022,"z":0.27676641941070559,"w":-0.7008259296417236},"size":3.9585702419281008,"orthographic":false}