{"cameraMode":{"drawMode":0,"name":"Shaded","section":"Shading Mode"},"sceneLighting":false,"audioPlay":false,"sceneViewState":{"m_AlwaysRefresh":false,"showFog":true,"showSkybox":false,"showFlares":true,"showImageEffects":true,"showParticleSystems":true,"showVisualEffectGraphs":true,"m_FxEnabled":true},"in2DMode":false,"pivot":{"x":-0.055985599756240848,"y":0.9957089424133301,"z":0.5008512735366821},"rotation":{"x":-0.025999467819929124,"y":-0.862387478351593,"z":0.04421674460172653,"w":-0.5038709044456482},"size":0.1685730367898941,"orthographic":false}