{"cameraMode":{"drawMode":0,"name":"Shaded","section":"Shading Mode"},"sceneLighting":false,"audioPlay":false,"sceneViewState":{"m_AlwaysRefresh":false,"showFog":true,"showSkybox":false,"showFlares":true,"showImageEffects":true,"showParticleSystems":true,"showVisualEffectGraphs":true,"m_FxEnabled":false},"in2DMode":false,"pivot":{"x":0.006623868364840746,"y":1.676355004310608,"z":0.3217623829841614},"rotation":{"x":0.00016429887909907848,"y":-0.9998123049736023,"z":-0.02218770794570446,"w":-0.004201115109026432},"size":0.37557926774024966,"orthographic":false}