{"cameraMode":{"drawMode":0,"name":"Shaded","section":"Shading Mode"},"sceneLighting":false,"audioPlay":false,"sceneViewState":{"m_AlwaysRefresh":false,"showFog":true,"showSkybox":false,"showFlares":true,"showImageEffects":true,"showParticleSystems":true,"showVisualEffectGraphs":true,"m_FxEnabled":true},"in2DMode":false,"pivot":{"x":-0.2670465111732483,"y":1.3794653415679932,"z":-0.03289324790239334},"rotation":{"x":0.0008695441065356135,"y":0.9989485144615173,"z":-0.040789347141981128,"w":0.021281788125634195},"size":0.6452672481536865,"orthographic":false}