{"cameraMode":{"drawMode":0,"name":"Shaded","section":"Shading Mode"},"sceneLighting":false,"audioPlay":false,"sceneViewState":{"m_AlwaysRefresh":false,"showFog":true,"showSkybox":false,"showFlares":true,"showImageEffects":true,"showParticleSystems":true,"showVisualEffectGraphs":true,"m_FxEnabled":true},"in2DMode":false,"pivot":{"x":-0.07563779503107071,"y":0.043215613812208179,"z":0.9864339828491211},"rotation":{"x":-0.0050405883230268959,"y":-0.9767329096794128,"z":-0.023146653547883035,"w":0.213412344455719},"size":0.08246210962533951,"orthographic":false}