{"cameraMode":{"drawMode":0,"name":"Shaded","section":"Shading Mode"},"sceneLighting":false,"audioPlay":false,"sceneViewState":{"m_AlwaysRefresh":false,"showFog":true,"showSkybox":false,"showFlares":true,"showImageEffects":true,"showParticleSystems":true,"showVisualEffectGraphs":true,"m_FxEnabled":true},"in2DMode":false,"pivot":{"x":0.04910944774746895,"y":0.010771569795906544,"z":0.061356257647275928},"rotation":{"x":0.02314368262887001,"y":-0.39475420117378237,"z":-0.009942296892404557,"w":-0.9185045957565308},"size":0.08246210962533951,"orthographic":false}