{"cameraMode":{"drawMode":0,"name":"Shaded","section":"Shading Mode"},"sceneLighting":false,"audioPlay":false,"sceneViewState":{"m_AlwaysRefresh":false,"showFog":true,"showSkybox":false,"showFlares":true,"showImageEffects":true,"showParticleSystems":true,"showVisualEffectGraphs":true,"m_FxEnabled":true},"in2DMode":false,"pivot":{"x":-0.9796355366706848,"y":1.4595990180969239,"z":-0.41425973176956179},"rotation":{"x":0.03284886106848717,"y":0.9232955574989319,"z":-0.08175639063119888,"w":0.3740001916885376},"size":1.0630146265029908,"orthographic":false}