{"cameraMode":{"drawMode":0,"name":"Shaded","section":"Shading Mode"},"sceneLighting":true,"audioPlay":false,"sceneViewState":{"m_AlwaysRefresh":false,"showFog":true,"showSkybox":false,"showFlares":true,"showImageEffects":true,"showParticleSystems":true,"showVisualEffectGraphs":true,"m_FxEnabled":true},"in2DMode":false,"pivot":{"x":0.3958689570426941,"y":1.0174295902252198,"z":-3.7797183990478517},"rotation":{"x":0.0026625581085681917,"y":0.9947928786277771,"z":-0.029597042128443719,"w":0.09815644472837448},"size":2.6308600902557375,"orthographic":false}