{"cameraMode":{"drawMode":0,"name":"Shaded","section":"Shading Mode"},"sceneLighting":true,"audioPlay":false,"sceneViewState":{"m_AlwaysRefresh":false,"showFog":true,"showSkybox":false,"showFlares":true,"showImageEffects":true,"showParticleSystems":true,"showVisualEffectGraphs":true,"m_FxEnabled":true},"in2DMode":false,"pivot":{"x":1.4460734128952027,"y":0.9701650142669678,"z":-3.4497132301330568},"rotation":{"x":0.006660328712314367,"y":0.9788853526115418,"z":-0.03355987370014191,"w":0.20184871554374696},"size":2.6308600902557375,"orthographic":false}