{"cameraMode":{"drawMode":0,"name":"Shaded","section":"Shading Mode"},"sceneLighting":true,"audioPlay":false,"sceneViewState":{"m_AlwaysRefresh":false,"showFog":true,"showSkybox":false,"showFlares":true,"showImageEffects":true,"showParticleSystems":true,"showVisualEffectGraphs":true,"m_FxEnabled":true},"in2DMode":false,"pivot":{"x":-0.008858084678649903,"y":0.6904206275939941,"z":-0.7300090789794922},"rotation":{"x":0.023284245282411577,"y":0.9765163064002991,"z":-0.15334182977676392,"w":0.1499682366847992},"size":2.0898475646972658,"orthographic":false}