{"cameraMode":{"drawMode":0,"name":"Shaded","section":"Shading Mode"},"sceneLighting":true,"audioPlay":false,"sceneViewState":{"m_AlwaysRefresh":false,"showFog":true,"showSkybox":false,"showFlares":true,"showImageEffects":true,"showParticleSystems":true,"showVisualEffectGraphs":true,"m_FxEnabled":true},"in2DMode":false,"pivot":{"x":0.8536129593849182,"y":0.9544165134429932,"z":-3.6626148223876955},"rotation":{"x":0.0048479195684194569,"y":0.9891756772994995,"z":-0.03538297489285469,"w":0.1427811235189438},"size":2.6308600902557375,"orthographic":false}