{"cameraMode":{"drawMode":0,"name":"Shaded","section":"Shading Mode"},"sceneLighting":false,"audioPlay":false,"sceneViewState":{"m_AlwaysRefresh":false,"showFog":true,"showSkybox":false,"showFlares":true,"showImageEffects":true,"showParticleSystems":true,"showVisualEffectGraphs":true,"m_FxEnabled":true},"in2DMode":false,"pivot":{"x":-0.8201306462287903,"y":0.6347200274467468,"z":0.40633583068847659},"rotation":{"x":-0.00805235281586647,"y":0.9886612892150879,"z":0.05760246515274048,"w":0.1390172690153122},"size":0.9123790860176086,"orthographic":false}