{"cameraMode":{"drawMode":0,"name":"Shaded","section":"Shading Mode"},"sceneLighting":false,"audioPlay":false,"sceneViewState":{"m_AlwaysRefresh":false,"showFog":true,"showSkybox":false,"showFlares":true,"showImageEffects":true,"showParticleSystems":true,"showVisualEffectGraphs":true,"m_FxEnabled":true},"in2DMode":false,"pivot":{"x":-1.711690902709961,"y":2.1474921703338625,"z":-4.872176170349121},"rotation":{"x":0.12132840603590012,"y":0.16300295293331147,"z":-0.020205093547701837,"w":0.9789416193962097},"size":0.6067536473274231,"orthographic":false}