{"cameraMode":{"drawMode":0,"name":"Shaded","section":"Shading Mode"},"sceneLighting":true,"audioPlay":false,"sceneViewState":{"m_AlwaysRefresh":false,"showFog":true,"showSkybox":false,"showFlares":true,"showImageEffects":true,"showParticleSystems":true,"showVisualEffectGraphs":true,"m_FxEnabled":true},"in2DMode":false,"pivot":{"x":0.07258093357086182,"y":-0.031650617718696597,"z":-0.05462295562028885},"rotation":{"x":-0.15201064944267274,"y":-0.6848580837249756,"z":0.14944519102573396,"w":-0.6968544125556946},"size":0.2772634029388428,"orthographic":false}