{"cameraMode":{"drawMode":0,"name":"Shaded","section":"Shading Mode"},"sceneLighting":true,"audioPlay":false,"sceneViewState":{"m_AlwaysRefresh":false,"showFog":true,"showSkybox":false,"showFlares":true,"showImageEffects":true,"showParticleSystems":true,"showVisualEffectGraphs":true,"m_FxEnabled":true},"in2DMode":false,"pivot":{"x":-0.5139852166175842,"y":0.26233190298080447,"z":-0.23766760528087617},"rotation":{"x":-0.10057009011507034,"y":-0.7436171770095825,"z":0.11492384970188141,"w":-0.6509896516799927},"size":0.2772634029388428,"orthographic":false}