{"cameraMode":{"drawMode":0,"name":"Shaded","section":"Shading Mode"},"sceneLighting":false,"audioPlay":false,"sceneViewState":{"m_AlwaysRefresh":false,"showFog":true,"showSkybox":false,"showFlares":true,"showImageEffects":true,"showParticleSystems":true,"showVisualEffectGraphs":true,"m_FxEnabled":true},"in2DMode":false,"pivot":{"x":-0.7793330550193787,"y":0.39065659046173098,"z":1.2920050621032715},"rotation":{"x":0.022769678384065629,"y":0.9170135259628296,"z":-0.05256340652704239,"w":0.3949628472328186},"size":0.3787115812301636,"orthographic":false}