{"cameraMode":{"drawMode":0,"name":"Shaded","section":"Shading Mode"},"sceneLighting":false,"audioPlay":false,"sceneViewState":{"m_AlwaysRefresh":false,"showFog":true,"showSkybox":false,"showFlares":true,"showImageEffects":true,"showParticleSystems":true,"showVisualEffectGraphs":true,"m_FxEnabled":true},"in2DMode":false,"pivot":{"x":3.1378872394561769,"y":1.152955174446106,"z":-1.1519815921783448},"rotation":{"x":0.011388524435460568,"y":-0.8564110398292542,"z":-0.019046297296881677,"w":-0.516036868095398},"size":1.9958044290542603,"orthographic":false}