{"cameraMode":{"drawMode":0,"name":"Shaded","section":"Shading Mode"},"sceneLighting":false,"audioPlay":false,"sceneViewState":{"m_AlwaysRefresh":false,"showFog":false,"showSkybox":false,"showFlares":false,"showImageEffects":false,"showParticleSystems":false,"showVisualEffectGraphs":true,"m_FxEnabled":true},"in2DMode":false,"pivot":{"x":0.11206112056970597,"y":1.4841523170471192,"z":-0.07556480169296265},"rotation":{"x":-0.0006402466096915305,"y":0.9987359046936035,"z":-0.04978685826063156,"w":-0.011999898590147496},"size":0.5775020718574524,"orthographic":false}