{"cameraMode":{"drawMode":0,"name":"Shaded","section":"Shading Mode"},"sceneLighting":false,"audioPlay":false,"sceneViewState":{"m_AlwaysRefresh":false,"showFog":true,"showSkybox":false,"showFlares":true,"showImageEffects":true,"showParticleSystems":true,"showVisualEffectGraphs":true,"m_FxEnabled":true},"in2DMode":false,"pivot":{"x":-2.8961400985717775,"y":2.8678817749023439,"z":-2.8961400985717775},"rotation":{"x":0.01371095236390829,"y":0.5768876671791077,"z":-0.009723594412207604,"w":0.8166810870170593},"size":12.12435531616211,"orthographic":false}