{"cameraMode":{"drawMode":0,"name":"Shaded","section":"Shading Mode"},"sceneLighting":false,"audioPlay":false,"sceneViewState":{"m_AlwaysRefresh":false,"showFog":false,"showSkybox":false,"showFlares":false,"showImageEffects":false,"showParticleSystems":false,"showVisualEffectGraphs":true,"m_FxEnabled":true},"in2DMode":false,"pivot":{"x":-2.4542322158813478,"y":43.354637145996097,"z":-4.865196228027344},"rotation":{"x":-0.040497615933418277,"y":0.9497331380844116,"z":0.27454254031181338,"w":0.14720848202705384},"size":26.652170181274415,"orthographic":false}