{"cameraMode":{"drawMode":0,"name":"Shaded","section":"Shading Mode"},"sceneLighting":false,"audioPlay":false,"sceneViewState":{"m_AlwaysRefresh":false,"showFog":false,"showSkybox":false,"showFlares":false,"showImageEffects":false,"showParticleSystems":false,"showVisualEffectGraphs":true,"m_FxEnabled":false},"in2DMode":false,"pivot":{"x":-0.06985136866569519,"y":0.18592938780784608,"z":0.1646292805671692},"rotation":{"x":-0.00010095157631440088,"y":0.9958142042160034,"z":0.0011846082052215934,"w":0.09167072921991348},"size":0.28736844658851626,"orthographic":false}