{"cameraMode":{"drawMode":0,"name":"Shaded","section":"Shading Mode"},"sceneLighting":false,"audioPlay":false,"sceneViewState":{"m_AlwaysRefresh":false,"showFog":true,"showSkybox":false,"showFlares":true,"showImageEffects":true,"showParticleSystems":true,"showVisualEffectGraphs":true,"m_FxEnabled":true},"in2DMode":false,"pivot":{"x":-0.6885514855384827,"y":1.193695068359375,"z":-2.0462207794189455},"rotation":{"x":-0.0039426968432962898,"y":0.9930746555328369,"z":-0.03458007797598839,"w":-0.11247976869344711},"size":1.5602600574493409,"orthographic":false}