{"cameraMode":{"drawMode":0,"name":"Shaded","section":"Shading Mode"},"sceneLighting":false,"audioPlay":false,"sceneViewState":{"m_AlwaysRefresh":false,"showFog":true,"showSkybox":false,"showFlares":true,"showImageEffects":true,"showParticleSystems":true,"showVisualEffectGraphs":true,"m_FxEnabled":true},"in2DMode":false,"pivot":{"x":-0.06794244050979614,"y":0.7110743522644043,"z":-0.8447530269622803},"rotation":{"x":-0.0004537088971119374,"y":0.9996052980422974,"z":0.020686425268650056,"w":0.02420114167034626},"size":0.9626561999320984,"orthographic":false}