{"cameraMode":{"drawMode":0,"name":"Shaded","section":"Shading Mode"},"sceneLighting":true,"audioPlay":false,"sceneViewState":{"m_AlwaysRefresh":false,"showFog":true,"showSkybox":false,"showFlares":true,"showImageEffects":true,"showParticleSystems":true,"showVisualEffectGraphs":true,"m_FxEnabled":true},"in2DMode":false,"pivot":{"x":0.02441125176846981,"y":1.7207025289535523,"z":-1.5204946994781495},"rotation":{"x":6.363109719131899e-7,"y":-0.9999358654022217,"z":0.01621798798441887,"w":-0.0074025290086865429},"size":1.0630146265029908,"orthographic":false}