{"cameraMode":{"drawMode":0,"name":"Shaded","section":"Shading Mode"},"sceneLighting":true,"audioPlay":false,"sceneViewState":{"m_AlwaysRefresh":false,"showFog":true,"showSkybox":false,"showFlares":true,"showImageEffects":true,"showParticleSystems":true,"showVisualEffectGraphs":true,"m_FxEnabled":true},"in2DMode":false,"pivot":{"x":-0.13466906547546388,"y":1.578070044517517,"z":1.0111725330352784},"rotation":{"x":-0.0005994554958306253,"y":-0.9977421760559082,"z":-0.06773525476455689,"w":0.010583610273897648},"size":1.0630146265029908,"orthographic":false}