{"cameraMode":{"drawMode":0,"name":"Shaded","section":"Shading Mode"},"sceneLighting":true,"audioPlay":false,"sceneViewState":{"m_AlwaysRefresh":false,"showFog":true,"showSkybox":false,"showFlares":true,"showImageEffects":true,"showParticleSystems":true,"showVisualEffectGraphs":true,"m_FxEnabled":true},"in2DMode":false,"pivot":{"x":-0.013826288282871247,"y":1.2855044603347779,"z":0.9925572872161865},"rotation":{"x":0.0000962480844464153,"y":-0.9999338984489441,"z":0.001218767836689949,"w":-0.01790178008377552},"size":1.0630146265029908,"orthographic":false}