{"cameraMode":{"drawMode":0,"name":"Shaded","section":"Shading Mode"},"sceneLighting":true,"audioPlay":false,"sceneViewState":{"m_AlwaysRefresh":false,"showFog":true,"showSkybox":false,"showFlares":true,"showImageEffects":true,"showParticleSystems":true,"showVisualEffectGraphs":true,"m_FxEnabled":true},"in2DMode":false,"pivot":{"x":-0.4972566068172455,"y":1.3260245323181153,"z":-0.6179276704788208},"rotation":{"x":0.03796537220478058,"y":-0.9417192935943604,"z":0.11324801295995712,"w":0.3147815763950348},"size":1.0630146265029908,"orthographic":false}