{"cameraMode":{"drawMode":0,"name":"Shaded","section":"Shading Mode"},"sceneLighting":false,"audioPlay":false,"sceneViewState":{"m_AlwaysRefresh":false,"showFog":true,"showSkybox":false,"showFlares":true,"showImageEffects":true,"showParticleSystems":true,"showVisualEffectGraphs":true,"m_FxEnabled":true},"in2DMode":false,"pivot":{"x":0.6746913194656372,"y":0.9472537040710449,"z":-1.5328797101974488},"rotation":{"x":0.014791150577366352,"y":-0.9776583313941956,"z":0.1964689940214157,"w":0.07407954335212708},"size":1.0630146265029908,"orthographic":false}