{"cameraMode":{"drawMode":0,"name":"Shaded","section":"Shading Mode"},"sceneLighting":true,"audioPlay":false,"sceneViewState":{"m_AlwaysRefresh":false,"showFog":true,"showSkybox":false,"showFlares":true,"showImageEffects":true,"showParticleSystems":true,"showVisualEffectGraphs":true,"m_FxEnabled":true},"in2DMode":false,"pivot":{"x":0.8534125089645386,"y":1.3694807291030884,"z":-0.289113312959671},"rotation":{"x":0.029106860980391504,"y":0.8811923861503601,"z":-0.05448819324374199,"w":0.46886947751045229},"size":1.0630146265029908,"orthographic":false}