{"cameraMode":{"drawMode":0,"name":"Shaded","section":"Shading Mode"},"sceneLighting":true,"audioPlay":false,"sceneViewState":{"m_AlwaysRefresh":false,"showFog":true,"showSkybox":false,"showFlares":true,"showImageEffects":true,"showParticleSystems":true,"showVisualEffectGraphs":true,"m_FxEnabled":true},"in2DMode":false,"pivot":{"x":-0.3702758848667145,"y":1.333743691444397,"z":-1.3699111938476563},"rotation":{"x":0.0006607843097299337,"y":0.998296856880188,"z":-0.05877678841352463,"w":0.010470081120729447},"size":1.0630146265029908,"orthographic":false}