{"cameraMode":{"drawMode":0,"name":"Shaded","section":"Shading Mode"},"sceneLighting":true,"audioPlay":false,"sceneViewState":{"m_AlwaysRefresh":false,"showFog":true,"showSkybox":false,"showFlares":true,"showImageEffects":true,"showParticleSystems":true,"showVisualEffectGraphs":true,"m_FxEnabled":true},"in2DMode":false,"pivot":{"x":-0.33657729625701907,"y":1.2223224639892579,"z":-0.8536628484725952},"rotation":{"x":0.031780075281858447,"y":-0.960830569267273,"z":0.12437669932842255,"w":0.24596549570560456},"size":1.0630146265029908,"orthographic":false}