{"cameraMode":{"drawMode":0,"name":"Shaded","section":"Shading Mode"},"sceneLighting":true,"audioPlay":false,"sceneViewState":{"m_AlwaysRefresh":false,"showFog":true,"showSkybox":false,"showFlares":true,"showImageEffects":true,"showParticleSystems":true,"showVisualEffectGraphs":true,"m_FxEnabled":true},"in2DMode":false,"pivot":{"x":-0.49637460708618166,"y":0.595836877822876,"z":-0.4067598581314087},"rotation":{"x":0.09852886945009232,"y":-0.8996636271476746,"z":0.26919907331466677,"w":0.32954928278923037},"size":1.0630146265029908,"orthographic":false}