{"cameraMode":{"drawMode":0,"name":"Shaded","section":"Shading Mode"},"sceneLighting":true,"audioPlay":false,"sceneViewState":{"m_AlwaysRefresh":false,"showFog":true,"showSkybox":false,"showFlares":true,"showImageEffects":true,"showParticleSystems":true,"showVisualEffectGraphs":true,"m_FxEnabled":true},"in2DMode":false,"pivot":{"x":0.20380765199661256,"y":1.5039985179901124,"z":-0.2729949951171875},"rotation":{"x":0.003353915410116315,"y":0.9926789999008179,"z":-0.029213326051831247,"w":0.11879091709852219},"size":1.1456540822982789,"orthographic":false}